Participant,SnippetID,DD,Halstead,LOC,Cyclomatic,CCCPPD,CCCPMPI
1,1,10,12,6,2,7,6
1,2,10,10,6,2,6,5
1,3,7,13,6,2,6,5
1,4,15,17,8,2,8,7
1,5,15,18,9,3,10,5
1,6,4,21,11,5,5,11
1,7,6,23,7,2,13,10
1,8,4,7,6,1,2,3
1,9,12,12,9,7,14,8
1,10,15,23,9,3,10,8
1,11,10,27,11,2,5,6
1,12,5,17,7,3,8,6
1,13,8,16,6,3,7,5
