subject,ID,manual_cl,DD,Halstead,LOC,Cyclomatic,CCCPPD,CCCPMPI,DDold,Halsteadold,LOCold,Cyclomaticold,CCCPPDold,CCCPMPIold,eeg_cl_fzpz34,eeg_cl_fz34pz34,eeg_cl_fzpz
1,1,5.0,10,12,6,2,7,6,10,12,6,2,4,7,1.467699749430631,1.039010464692529,1.5507768799201245
1,2,3.0,10,10,6,2,6,5,10,10,6,2,4,9,1.5549090601789255,1.1968492804196558,1.9520889688063825
1,3,2.0,7,13,6,2,6,5,7,12,6,2,4,10,1.651434262760602,1.308846280189402,1.871910071301201
1,4,7.0,15,17,8,2,8,7,15,17,8,2,4,9,1.6506078912017967,1.2875405785112568,2.1572507668696934
1,5,3.0,15,18,9,3,10,5,15,18,9,3,5,10,1.8482984077064395,1.2427781079393525,2.090141745117342
1,6,2.0,4,21,11,5,5,11,4,20,11,5,4,13,1.3840134094737917,1.2183242346172376,1.5153750353348152
1,7,3.0,6,23,7,2,13,10,6,21,7,2,4,10,1.6996763236812258,1.3261978912883063,1.973991708114888
1,8,1.0,4,7,6,1,2,3,5,7,6,1,3,6,1.1898528148283831,0.95300913001057,1.4853270185196796
1,9,3.0,12,12,9,7,14,8,12,12,9,7,4,7,1.37138613560967,1.1302499850626615,1.826821512517305
1,10,,15,23,9,3,10,8,15,23,9,3,4,11,1.3794356523659828,1.034897381848184,2.089700094137193
1,11,7.0,10,27,11,2,5,6,10,27,11,2,4,12,1.7240790473113274,1.2983762655134896,1.7553194641783345
1,12,6.0,5,17,7,3,8,6,5,16,7,3,4,8,1.891241359983184,1.493485881120339,2.3106954334810443
1,13,4.0,8,16,6,3,7,5,8,15,6,3,4,7,1.339794249686664,1.2354396156711804,1.4034066273169234
2,1,6.0,10,12,6,2,7,6,10,12,6,2,4,7,8.45204937441567,4.021107682875452,10.88515141788936
2,2,6.0,10,10,6,2,6,5,10,10,6,2,4,9,5.855806903762847,2.8982662685592846,7.91393720868048
2,3,7.0,7,13,6,2,6,5,7,12,6,2,4,10,9.066761450684474,4.1722342285146015,14.430973410304873
2,4,8.0,15,17,8,2,8,7,15,17,8,2,4,9,8.685516489476383,4.092619961994222,10.027467776641943
2,5,3.0,15,18,9,3,10,5,15,18,9,3,5,10,6.39964941023961,3.2047911155254014,10.91448549078711
2,6,4.0,4,21,11,5,5,11,4,20,11,5,4,13,8.059540470987042,3.5249282877100683,9.2550511330754
2,7,1.0,6,23,7,2,13,10,6,21,7,2,4,10,9.51843255756244,4.998246442387172,12.109948456326348
2,8,3.0,4,7,6,1,2,3,5,7,6,1,3,6,10.346800787268611,4.755146418226389,14.525090524529633
2,9,3.0,12,12,9,7,14,8,12,12,9,7,4,7,3.084070002755204,1.5368204486146269,4.684674464578876
2,10,7.0,15,23,9,3,10,8,15,23,9,3,4,11,9.093041743199883,3.972530445018165,15.075287228488625
2,11,5.0,10,27,11,2,5,6,10,27,11,2,4,12,7.980200445526947,3.835856813547425,11.56872448818768
2,12,6.0,5,17,7,3,8,6,5,16,7,3,4,8,8.029815112355259,3.918606136048582,11.382377236133
2,13,3.0,8,16,6,3,7,5,8,15,6,3,4,7,5.937682432344015,3.0852600980374576,7.417733366786308
3,1,3.0,10,12,6,2,7,6,10,12,6,2,4,7,0.6947907359541142,0.6959184084628951,1.268442968455588
3,2,5.0,10,10,6,2,6,5,10,10,6,2,4,9,0.7021021105229183,0.7372520024121187,1.2364475126303736
3,3,4.0,7,13,6,2,6,5,7,12,6,2,4,10,0.841296546422985,0.8791656743955062,1.2726497725488726
3,4,5.0,15,17,8,2,8,7,15,17,8,2,4,9,0.6405085861084093,0.5876095835523574,0.7915688173990598
3,5,7.0,15,18,9,3,10,5,15,18,9,3,5,10,0.7298501177509077,0.8111625229288283,1.1325762194265498
3,6,3.0,4,21,11,5,5,11,4,20,11,5,4,13,0.5464780301567926,0.6398531717650905,0.8779583547373659
3,7,6.0,6,23,7,2,13,10,6,21,7,2,4,10,0.7340569219971353,0.8574151476330184,0.9850057917097864
3,8,2.0,4,7,6,1,2,3,5,7,6,1,3,6,0.4299328952419589,0.5731154275191975,0.6281969897178792
3,9,3.0,12,12,9,7,14,8,12,12,9,7,4,7,0.5332737983022022,0.5204387507452717,0.8038075407045385
3,10,7.0,15,23,9,3,10,8,15,23,9,3,4,11,0.8041319416872544,0.7623089163411022,1.0723749096683453
3,11,6.0,10,27,11,2,5,6,10,27,11,2,4,12,0.8179552868402221,0.7083152972285481,0.9668619615728824
3,12,3.0,5,17,7,3,8,6,5,16,7,3,4,8,0.8191070092038699,1.0142479034655385,1.0573645654382544
3,13,3.0,8,16,6,3,7,5,8,15,6,3,4,7,0.6122168465215359,0.6456422811902716,1.0502713862674131
4,1,5.0,10,12,6,2,7,6,10,12,6,2,4,7,0.8435727370410918,1.1374216917948436,0.6622934081491876
4,2,5.0,10,10,6,2,6,5,10,10,6,2,4,9,3.532675165136729,2.0295044607163484,4.635565908947349
4,3,5.0,7,13,6,2,6,5,7,12,6,2,4,10,2.687428529435673,1.907576846502916,3.157883972816604
4,4,6.0,15,17,8,2,8,7,15,17,8,2,4,9,4.713271965925938,3.2312241968265485,4.81628935535251
4,5,5.0,15,18,9,3,10,5,15,18,9,3,5,10,2.6850686964359527,1.8948543836977112,3.195863885204845
4,6,4.0,4,21,11,5,5,11,4,20,11,5,4,13,4.056317458842496,2.9350656909059856,4.512324155210706
4,7,5.0,6,23,7,2,13,10,6,21,7,2,4,10,4.63515684967857,2.815040671953234,5.254719171300351
4,8,4.0,4,7,6,1,2,3,5,7,6,1,3,6,2.8705867924649846,1.888829945085218,4.07405911950141
4,9,3.0,12,12,9,7,14,8,12,12,9,7,4,7,3.635307518934248,2.2536617554102545,4.873550609904637
4,10,7.0,15,23,9,3,10,8,15,23,9,3,4,11,4.145657721128982,2.697543292004882,4.666730970381464
4,11,5.0,10,27,11,2,5,6,10,27,11,2,4,12,4.429746170982455,2.8693397647612846,5.35893057311967
4,12,5.0,5,17,7,3,8,6,5,16,7,3,4,8,3.56479715871919,2.256206608721615,3.5983636077380923
4,13,5.0,8,16,6,3,7,5,8,15,6,3,4,7,2.865712013652613,2.007785700923546,3.5951643913472724
5,1,5.0,10,12,6,2,7,6,10,12,6,2,4,7,2.830323556386278,2.030818745339114,2.949367042428868
5,2,5.0,10,10,6,2,6,5,10,10,6,2,4,9,2.970173632741804,2.5286615938132195,3.751950474761264
5,3,3.0,7,13,6,2,6,5,7,12,6,2,4,10,4.806195704783897,3.684393471558901,3.9991660236767768
5,4,6.0,15,17,8,2,8,7,15,17,8,2,4,9,4.72888048388752,3.61634223814614,4.787479325731929
5,5,5.0,15,18,9,3,10,5,15,18,9,3,5,10,6.297423926340355,4.405752904593735,6.749448382187436
5,6,4.0,4,21,11,5,5,11,4,20,11,5,4,13,2.4551958725375926,2.23695368788675,3.046685438541631
5,7,5.0,6,23,7,2,13,10,6,21,7,2,4,10,6.3683102637789135,4.075464042331242,5.992431421052377
5,8,4.0,4,7,6,1,2,3,5,7,6,1,3,6,2.9761883732566763,2.7650317787629386,2.7213755572646114
5,9,4.0,12,12,9,7,14,8,12,12,9,7,4,7,2.5303682100721527,2.4614940149126694,2.7906687722576224
5,10,,15,23,9,3,10,8,15,23,9,3,4,11,5.28649774405401,3.6968919153192856,5.029877971892875
5,11,6.0,10,27,11,2,5,6,10,27,11,2,4,12,3.691106181340845,2.890043948586392,3.8729339443427193
5,12,4.0,5,17,7,3,8,6,5,16,7,3,4,8,2.4539619270494555,2.285980804662125,2.3768274944096293
5,13,6.0,8,16,6,3,7,5,8,15,6,3,4,7,2.4657682414158297,2.016951854064863,2.6740669710315466
6,1,7.0,10,12,6,2,7,6,10,12,6,2,4,7,1.8207004469726835,1.67854112314889,1.946476683135541
6,2,4.0,10,10,6,2,6,5,10,10,6,2,4,9,1.713874156701921,1.493533953609398,2.166347835800196
6,3,3.0,7,13,6,2,6,5,7,12,6,2,4,10,1.758034927513607,1.602823291291719,1.8188714036252511
6,4,6.0,15,17,8,2,8,7,15,17,8,2,4,9,1.6079644663517063,1.5771225479850788,1.6699138739285238
6,5,3.0,15,18,9,3,10,5,15,18,9,3,5,10,1.337561566336391,1.5476218784452007,1.472519540944045
6,6,3.0,4,21,11,5,5,11,4,20,11,5,4,13,1.451758471379705,1.3760441435494817,1.7514474197352157
6,7,6.0,6,23,7,2,13,10,6,21,7,2,4,10,1.940060688556774,1.9597070824727412,2.2371139668605635
6,8,2.0,4,7,6,1,2,3,5,7,6,1,3,6,1.4854121308303674,1.268017058210943,1.4351536904595106
6,9,4.0,12,12,9,7,14,8,12,12,9,7,4,7,1.7435984258898265,1.7291707591568064,1.7877551031392185
6,10,9.0,15,23,9,3,10,8,15,23,9,3,4,11,1.8338373149219411,1.6139916421862923,2.107690715109169
6,11,5.0,10,27,11,2,5,6,10,27,11,2,4,12,1.2430393407650997,1.1726217378139892,1.501165739853333
6,12,4.0,5,17,7,3,8,6,5,16,7,3,4,8,1.305619883598546,1.37996601808031,1.334376755357498
6,13,6.0,8,16,6,3,7,5,8,15,6,3,4,7,1.6099985207335183,1.4465437988189436,1.7088505160209062
7,1,,10,12,6,2,7,6,10,12,6,2,4,7,13.998098667244887,6.693105946831444,19.392863294038516
7,2,3.0,10,10,6,2,6,5,10,10,6,2,4,9,7.886077103372487,4.3630168690352615,9.611932917746284
7,3,3.0,7,13,6,2,6,5,7,12,6,2,4,10,5.97940399687034,3.501204332300544,6.81671128689984
7,4,4.0,15,17,8,2,8,7,15,17,8,2,4,9,6.969860716082076,3.7475416731522753,8.89940499471298
7,5,5.0,15,18,9,3,10,5,15,18,9,3,5,10,7.235945942151832,4.057378338523398,9.09037955598996
7,6,2.0,4,21,11,5,5,11,4,20,11,5,4,13,4.971541015092433,3.343372857933896,6.14549143631394
7,7,4.0,6,23,7,2,13,10,6,21,7,2,4,10,5.882868890428861,4.390116592365001,7.1627847743580855
7,8,3.0,4,7,6,1,2,3,5,7,6,1,3,6,6.1333493401965695,3.5715658769779046,6.796924899904592
7,9,3.0,12,12,9,7,14,8,12,12,9,7,4,7,6.418827715386423,4.031674976614396,6.809118519910601
7,10,4.0,15,23,9,3,10,8,15,23,9,3,4,11,8.242384532312267,4.34412587769984,11.336324642615487
7,11,3.0,10,27,11,2,5,6,10,27,11,2,4,12,8.130463279236833,4.3407279851650005,11.061608931781665
7,12,3.0,5,17,7,3,8,6,5,16,7,3,4,8,4.834595600296092,3.051681220706928,7.73889494831802
7,13,2.0,8,16,6,3,7,5,8,15,6,3,4,7,8.303288352879287,4.431375679342424,11.304780421796329
8,1,5.0,10,12,6,2,7,6,10,12,6,2,4,7,3.9446027776323143,3.3953633846383684,3.617577626903847
8,2,5.0,10,10,6,2,6,5,10,10,6,2,4,9,3.917725069643094,3.738183760076829,4.119686889728537
8,3,4.0,7,13,6,2,6,5,7,12,6,2,4,10,3.148154926539134,2.7510611955645734,2.6006407955857367
8,4,7.0,15,17,8,2,8,7,15,17,8,2,4,9,3.592226181338427,3.143416493704516,2.94057789574218
8,5,5.0,15,18,9,3,10,5,15,18,9,3,5,10,3.55817804342402,2.967795889032023,3.526392767967275
8,6,6.0,4,21,11,5,5,11,4,20,11,5,4,13,3.12624739157258,3.5089707737103724,3.350109104818445
8,7,5.0,6,23,7,2,13,10,6,21,7,2,4,10,4.635316548208493,3.8819809525265407,5.096227191867697
8,8,4.0,4,7,6,1,2,3,5,7,6,1,3,6,5.272586995261961,3.8537117401231344,4.795245709153536
8,9,4.0,12,12,9,7,14,8,12,12,9,7,4,7,3.350748998513199,3.0828995306091844,3.1965372363802995
8,10,6.0,15,23,9,3,10,8,15,23,9,3,4,11,5.526267098356311,3.977073208389245,5.828891043997735
8,11,7.0,10,27,11,2,5,6,10,27,11,2,4,12,3.2874390398054985,3.266708200437312,3.078949378991527
8,12,5.0,5,17,7,3,8,6,5,16,7,3,4,8,4.53323812919387,3.376346385478461,3.2930434884327457
8,13,5.0,8,16,6,3,7,5,8,15,6,3,4,7,4.247332693918536,4.073003519997108,3.869492149609138
9,1,8.0,10,12,6,2,7,6,10,12,6,2,4,7,4.517662313007135,3.047574256122302,5.677187617824767
9,2,4.0,10,10,6,2,6,5,10,10,6,2,4,9,2.9096980490025555,1.842835648090034,3.989864355580385
9,3,4.0,7,13,6,2,6,5,7,12,6,2,4,10,3.8235220436959176,2.4302028091400465,4.618574786335329
9,4,3.0,15,17,8,2,8,7,15,17,8,2,4,9,2.474979840525533,1.5761848927273432,3.27233452410266
9,5,5.0,15,18,9,3,10,5,15,18,9,3,5,10,2.4402738189776607,1.4331380755412324,3.4569995770864117
9,6,2.0,4,21,11,5,5,11,4,20,11,5,4,13,3.153930127965235,1.9949248212082564,4.376972417961979
9,7,4.0,6,23,7,2,13,10,6,21,7,2,4,10,3.247772936658158,1.941456139722969,4.696280371252591
9,8,2.0,4,7,6,1,2,3,5,7,6,1,3,6,17.166444049943138,7.185805609091659,24.997544432599696
9,9,1.0,12,12,9,7,14,8,12,12,9,7,4,7,21.304587143567662,8.216630895109846,29.491967661106465
9,10,9.0,15,23,9,3,10,8,15,23,9,3,4,11,22.61673745249332,8.795363288172611,38.16126966190074
9,11,5.0,10,27,11,2,5,6,10,27,11,2,4,12,,,
9,12,4.0,5,17,7,3,8,6,5,16,7,3,4,8,6.692262092286609,3.31650190643707,9.892952997317872
9,13,2.0,8,16,6,3,7,5,8,15,6,3,4,7,28.667621721510407,10.835544933667064,46.1235820726136
10,1,5.0,10,12,6,2,7,6,10,12,6,2,4,7,3.5838438824822,2.3254864377855418,4.277797998463223
10,2,3.0,10,10,6,2,6,5,10,10,6,2,4,9,4.898533650970972,2.570351694417804,6.14415702577196
10,3,2.0,7,13,6,2,6,5,7,12,6,2,4,10,5.461432913150358,2.581206436245536,6.6888371957729005
10,4,5.0,15,17,8,2,8,7,15,17,8,2,4,9,4.157430982127059,2.426863967237204,4.706292437472653
10,5,4.0,15,18,9,3,10,5,15,18,9,3,5,10,2.9662419472813646,1.7936106958701732,3.0069335094811533
10,6,4.0,4,21,11,5,5,11,4,20,11,5,4,13,3.0037324814938637,1.744471278760319,3.611606677216328
10,7,4.0,6,23,7,2,13,10,6,21,7,2,4,10,5.569276788586408,3.100006141331916,5.358839337077108
10,8,3.0,4,7,6,1,2,3,5,7,6,1,3,6,3.039488251162396,1.722449949939375,3.930816677792627
10,9,3.0,12,12,9,7,14,8,12,12,9,7,4,7,2.6280036336686288,2.2028436614680245,2.796134144674499
10,10,6.0,15,23,9,3,10,8,15,23,9,3,4,11,4.147961431358564,2.290533631118758,4.340944602579316
10,11,5.0,10,27,11,2,5,6,10,27,11,2,4,12,4.36892450658481,2.473799880966397,4.738593824345072
10,12,3.0,5,17,7,3,8,6,5,16,7,3,4,8,4.394536540943331,2.402424340267695,5.635744331902238
10,13,6.0,8,16,6,3,7,5,8,15,6,3,4,7,2.85042165206595,1.6589021734454323,3.676886220437362
11,1,2.0,10,12,6,2,7,6,10,12,6,2,4,7,1.7208725633037385,1.2402489113294757,1.8354767660219136
11,2,2.0,10,10,6,2,6,5,10,10,6,2,4,9,2.4853872898915106,1.798194901421468,2.631003995300268
11,3,2.0,7,13,6,2,6,5,7,12,6,2,4,10,4.308978520515079,2.5568269092797697,4.476800269136797
11,4,2.0,15,17,8,2,8,7,15,17,8,2,4,9,3.5231185232039737,2.1260956620904548,3.534756414235624
11,5,5.0,15,18,9,3,10,5,15,18,9,3,5,10,2.3473837176487966,1.6724015415955806,2.6330318826400427
11,6,3.0,4,21,11,5,5,11,4,20,11,5,4,13,2.117489730798686,1.4981417876581085,2.434539403206189
11,7,3.0,6,23,7,2,13,10,6,21,7,2,4,10,2.99522629942103,1.960897134529119,3.354268577091042
11,8,2.0,4,7,6,1,2,3,5,7,6,1,3,6,1.4142909878343402,1.3471890612857196,1.6076461556292587
11,9,1.0,12,12,9,7,14,8,12,12,9,7,4,7,2.4457014076484787,1.773734912317928,3.1396091575575067
11,10,6.0,15,23,9,3,10,8,15,23,9,3,4,11,5.234935331664058,3.103665274504749,5.408046033375468
11,11,2.0,10,27,11,2,5,6,10,27,11,2,4,12,3.2011101767095456,2.105817063161682,4.098234451963115
11,12,2.0,5,17,7,3,8,6,5,16,7,3,4,8,3.2066301341008305,2.279774615149932,4.246851621557434
11,13,2.0,8,16,6,3,7,5,8,15,6,3,4,7,2.665318872615272,1.8151045657127391,2.9513384427103824
12,1,5.0,10,12,6,2,7,6,10,12,6,2,4,7,7.192864464127948,3.637098676589509,7.632140633594846
12,2,5.0,10,10,6,2,6,5,10,10,6,2,4,9,5.345807260007648,2.5424043124549534,6.99956828698773
12,3,6.0,7,13,6,2,6,5,7,12,6,2,4,10,4.737726978722384,2.5823695134312983,6.273389236313975
12,4,5.0,15,17,8,2,8,7,15,17,8,2,4,9,6.036392593956192,2.9166467654811807,7.971485770088943
12,5,4.0,15,18,9,3,10,5,15,18,9,3,5,10,6.344264216570522,3.081893024465107,6.88064404863088
12,6,3.0,4,21,11,5,5,11,4,20,11,5,4,13,7.207133671067917,3.534107114795878,8.884310921892821
12,7,3.0,6,23,7,2,13,10,6,21,7,2,4,10,8.477437809082714,4.238240798013126,10.234303436704351
12,8,1.0,4,7,6,1,2,3,5,7,6,1,3,6,2.005869680089991,1.1819071607659115,2.667311916301632
12,9,2.0,12,12,9,7,14,8,12,12,9,7,4,7,4.0656234119248005,2.0701712507185994,6.706730731312052
12,10,6.0,15,23,9,3,10,8,15,23,9,3,4,11,16.89555059526319,6.992684647666006,22.42333087668748
12,11,4.0,10,27,11,2,5,6,10,27,11,2,4,12,5.399035505590959,2.696046177840849,6.022914940728129
12,12,3.0,5,17,7,3,8,6,5,16,7,3,4,8,5.883146410144074,3.185380672774375,9.035059524837248
12,13,3.0,8,16,6,3,7,5,8,15,6,3,4,7,4.419759823056316,2.127574204446381,5.403901816311436
13,1,3.0,10,12,6,2,7,6,10,12,6,2,4,7,0.9953091542239708,1.21254802455344,
13,2,4.0,10,10,6,2,6,5,10,10,6,2,4,9,1.055003108168403,1.51001838515348,
13,3,3.0,7,13,6,2,6,5,7,12,6,2,4,10,1.1818219184411285,1.698046590254582,
13,4,4.0,15,17,8,2,8,7,15,17,8,2,4,9,1.022023667258111,1.7772487687784375,
13,5,5.0,15,18,9,3,10,5,15,18,9,3,5,10,1.3388919148487806,2.1564567006746542,
13,6,3.0,4,21,11,5,5,11,4,20,11,5,4,13,0.6507410579790354,0.9088953135456648,
13,7,6.0,6,23,7,2,13,10,6,21,7,2,4,10,1.1648622091137786,1.7969368356963566,
13,8,3.0,4,7,6,1,2,3,5,7,6,1,3,6,1.115712401672803,1.8012474435073875,
13,9,3.0,12,12,9,7,14,8,12,12,9,7,4,7,1.3548636857252108,1.6541582894243767,
13,10,8.0,15,23,9,3,10,8,15,23,9,3,4,11,1.3229504109413832,1.9249727277655693,
13,11,5.0,10,27,11,2,5,6,10,27,11,2,4,12,1.183289095296187,2.2181838992760925,
13,12,5.0,5,17,7,3,8,6,5,16,7,3,4,8,1.254085224333758,1.8048856377709503,
13,13,4.0,8,16,6,3,7,5,8,15,6,3,4,7,0.9381902128132826,1.4147798355762495,
14,1,4.0,10,12,6,2,7,6,10,12,6,2,4,7,4.334301038744705,2.254612473982625,8.97192098525104
14,2,2.0,10,10,6,2,6,5,10,10,6,2,4,9,5.367916889882999,3.1451762679428743,11.146979310071226
14,3,3.0,7,13,6,2,6,5,7,12,6,2,4,10,2.224509998903647,1.382505821471192,4.774453921573006
14,4,5.0,15,17,8,2,8,7,15,17,8,2,4,9,5.493589390331653,2.7724488553623874,11.511852179085402
14,5,4.0,15,18,9,3,10,5,15,18,9,3,5,10,3.314943592202177,1.7365261728297965,7.9797931030998495
14,6,2.0,4,21,11,5,5,11,4,20,11,5,4,13,2.407612597244279,1.4949795300447188,5.262631083112031
14,7,5.0,6,23,7,2,13,10,6,21,7,2,4,10,3.2928418639379093,1.7951070551806307,7.927628422955537
14,8,2.0,4,7,6,1,2,3,5,7,6,1,3,6,,,
14,9,2.0,12,12,9,7,14,8,12,12,9,7,4,7,2.5618423389966707,1.4143583182412558,6.898690194716434
14,10,6.0,15,23,9,3,10,8,15,23,9,3,4,11,3.078485046266845,1.7427577573935724,6.9356086659060425
14,11,2.0,10,27,11,2,5,6,10,27,11,2,4,12,2.152779102872831,1.3258223878942228,5.4662367727786165
14,12,2.0,5,17,7,3,8,6,5,16,7,3,4,8,2.1990830197237363,1.443488326271135,5.117059335128042
14,13,2.0,8,16,6,3,7,5,8,15,6,3,4,7,3.3811795428003184,2.290936764239652,8.53958047390377
15,1,3.0,10,12,6,2,7,6,10,12,6,2,4,7,2.7330176803110797,1.8227901984489447,2.7657612888344163
15,2,4.0,10,10,6,2,6,5,10,10,6,2,4,9,2.8220058457058093,2.2089050172719515,3.164696151151737
15,3,3.0,7,13,6,2,6,5,7,12,6,2,4,10,6.411809340008214,3.944397569783344,9.231161295049292
15,4,4.0,15,17,8,2,8,7,15,17,8,2,4,9,3.2649542777459155,2.3580645166798524,4.099676722601179
15,5,8.0,15,18,9,3,10,5,15,18,9,3,5,10,4.145898646984054,2.884841923150713,4.580790520397692
15,6,3.0,4,21,11,5,5,11,4,20,11,5,4,13,3.083339723451292,2.151036143768746,3.5826604797475983
15,7,5.0,6,23,7,2,13,10,6,21,7,2,4,10,9.174056807601788,5.226164720561568,11.216736446035886
15,8,2.0,4,7,6,1,2,3,5,7,6,1,3,6,3.8890516368202888,3.1596841032897838,4.600019257254847
15,9,2.0,12,12,9,7,14,8,12,12,9,7,4,7,5.292022687992725,3.082410073691386,7.322508076599538
15,10,7.0,15,23,9,3,10,8,15,23,9,3,4,11,3.0436081441860923,2.221045265718681,3.768097073550602
15,11,5.0,10,27,11,2,5,6,10,27,11,2,4,12,3.555680087066123,2.5933273012960014,4.348719370533951
15,12,4.0,5,17,7,3,8,6,5,16,7,3,4,8,2.8646810738846287,1.9536148663130155,2.694142116149828
15,13,2.0,8,16,6,3,7,5,8,15,6,3,4,7,2.6460170677876267,2.238412245699775,2.7982229065393294
16,1,5.0,10,12,6,2,7,6,10,12,6,2,4,7,7.585705074179969,4.622077834154174,8.930317787442378
16,2,2.0,10,10,6,2,6,5,10,10,6,2,4,9,5.040409187680455,3.04134191903746,6.345162457723013
16,3,5.0,7,13,6,2,6,5,7,12,6,2,4,10,3.0234587042938386,2.409438646702849,3.9150203561298222
16,4,5.0,15,17,8,2,8,7,15,17,8,2,4,9,6.269701942124745,3.5083931183847223,7.006702867925222
16,5,7.0,15,18,9,3,10,5,15,18,9,3,5,10,6.0349416857479055,3.820033892344245,7.681744906438884
16,6,4.0,4,21,11,5,5,11,4,20,11,5,4,13,2.5786465810928143,1.53397812386032,3.391794167141614
16,7,6.0,6,23,7,2,13,10,6,21,7,2,4,10,33.284499332833455,13.996079025810335,38.94909698666237
16,8,1.0,4,7,6,1,2,3,5,7,6,1,3,6,8.62448045612808,5.468057222119944,10.289715283501732
16,9,2.0,12,12,9,7,14,8,12,12,9,7,4,7,4.787733572497544,3.1481322815682846,6.332891451872921
16,10,7.0,15,23,9,3,10,8,15,23,9,3,4,11,20.81056379397599,8.835761318812947,24.37118178887429
16,11,4.0,10,27,11,2,5,6,10,27,11,2,4,12,3.731922232548088,3.2942395852265336,5.157642246063076
16,12,4.0,5,17,7,3,8,6,5,16,7,3,4,8,3.331269599565123,2.495366465725786,3.706772446933297
16,13,3.0,8,16,6,3,7,5,8,15,6,3,4,7,2.818720270801113,2.437578672947977,3.717541543841836
17,1,8.0,10,12,6,2,7,6,10,12,6,2,4,7,2.654467133189121,2.312289433262701,3.44098233882154
17,2,8.0,10,10,6,2,6,5,10,10,6,2,4,9,2.913653948266169,2.2512291885956603,3.1839133196531364
17,3,7.0,7,13,6,2,6,5,7,12,6,2,4,10,3.3088710370594487,2.6685828634459634,4.335733616860286
17,4,5.0,15,17,8,2,8,7,15,17,8,2,4,9,3.0311908497443705,2.363178836960955,4.288469280004763
17,5,7.0,15,18,9,3,10,5,15,18,9,3,5,10,2.8247591516567234,2.2518496332017857,3.0971402707928366
17,6,7.0,4,21,11,5,5,11,4,20,11,5,4,13,2.9960605671421097,2.4115579220041123,3.442775811442735
17,7,7.0,6,23,7,2,13,10,6,21,7,2,4,10,2.685694091161319,2.340638780542959,3.335270651187521
17,8,7.0,4,7,6,1,2,3,5,7,6,1,3,6,3.7211038894155264,2.9869333173590817,4.51854319472842
17,9,8.0,12,12,9,7,14,8,12,12,9,7,4,7,7.848264654146343,4.219916125799818,8.857900889520643
17,10,5.0,15,23,9,3,10,8,15,23,9,3,4,11,2.6826323100722025,2.1931037473585437,3.044346130334621
17,11,8.0,10,27,11,2,5,6,10,27,11,2,4,12,3.45595576081033,2.7002979889739582,3.97989904098098
17,12,6.0,5,17,7,3,8,6,5,16,7,3,4,8,4.428641683753124,3.0389981832284283,4.397631378025747
17,13,6.0,8,16,6,3,7,5,8,15,6,3,4,7,3.834710398696784,2.9141715070599155,4.215708038754029
18,1,1.0,10,12,6,2,7,6,10,12,6,2,4,7,1.672679491093261,1.3396280443826818,2.103205301266057
18,2,3.0,10,10,6,2,6,5,10,10,6,2,4,9,2.304280542077832,1.954852555048829,3.462183698191325
18,3,2.0,7,13,6,2,6,5,7,12,6,2,4,10,2.634078822593785,2.003371350661645,4.247572898885957
18,4,3.0,15,17,8,2,8,7,15,17,8,2,4,9,1.5483582795664212,1.4354369511720215,2.014381910030136
18,5,3.0,15,18,9,3,10,5,15,18,9,3,5,10,24.04610022612906,10.929020721501727,36.18684379793897
18,6,3.0,4,21,11,5,5,11,4,20,11,5,4,13,1.9637386865416608,2.2586777550494976,1.9377627117292973
18,7,3.0,6,23,7,2,13,10,6,21,7,2,4,10,1.6571316554213265,1.5734172416911627,2.434560757437134
18,8,3.0,4,7,6,1,2,3,5,7,6,1,3,6,3.471076832364953,2.155713311839906,5.194862389266374
18,9,2.0,12,12,9,7,14,8,12,12,9,7,4,7,0.8170694773046099,0.6315348849908448,1.3812950660558465
18,10,5.0,15,23,9,3,10,8,15,23,9,3,4,11,2.386690863010246,1.7176331443954564,3.0012293501852687
18,11,2.0,10,27,11,2,5,6,10,27,11,2,4,12,2.266747709311233,1.782327154885388,2.8785738372259124
18,12,2.0,5,17,7,3,8,6,5,16,7,3,4,8,3.1417828293731813,2.560823951805764,3.3616037201150384
18,13,3.0,8,16,6,3,7,5,8,15,6,3,4,7,3.766775733103536,3.265972034337759,3.822158791431357
19,1,7.0,10,12,6,2,7,6,10,12,6,2,4,7,8.621794704407225,6.380139944761628,10.5946575428164
19,2,3.0,10,10,6,2,6,5,10,10,6,2,4,9,7.224858003233312,5.447120410135658,8.108158098656947
19,3,4.0,7,13,6,2,6,5,7,12,6,2,4,10,6.723804422103784,4.333963228674888,6.489440581560255
19,4,6.0,15,17,8,2,8,7,15,17,8,2,4,9,7.2457816008037295,4.74467411387817,7.944660444567069
19,5,5.0,15,18,9,3,10,5,15,18,9,3,5,10,6.589296334754352,5.219243961133054,8.369816829765437
19,6,3.0,4,21,11,5,5,11,4,20,11,5,4,13,8.045506019002941,5.453491524605596,8.51005627352891
19,7,7.0,6,23,7,2,13,10,6,21,7,2,4,10,5.202882505304164,3.902626432150767,5.44508743751398
19,8,3.0,4,7,6,1,2,3,5,7,6,1,3,6,8.037188333708805,5.856674466821823,10.039546906564244
19,9,2.0,12,12,9,7,14,8,12,12,9,7,4,7,5.192619421335314,4.386142420380823,5.775566459144845
19,10,7.0,15,23,9,3,10,8,15,23,9,3,4,11,6.6325462823502805,5.04209288470982,7.119609087205323
19,11,5.0,10,27,11,2,5,6,10,27,11,2,4,12,7.733771718337662,4.441976423117811,5.423676685060302
19,12,5.0,5,17,7,3,8,6,5,16,7,3,4,8,12.641180273726128,9.979515190490032,16.85240757665457
19,13,4.0,8,16,6,3,7,5,8,15,6,3,4,7,16.05677836746199,10.785539663016849,18.78669133062661
20,1,7.0,10,12,6,2,7,6,10,12,6,2,4,7,7.268435866444762,4.869238234369914,6.687493321514221
20,2,1.0,10,10,6,2,6,5,10,10,6,2,4,9,11.422397567234002,5.989998697687012,10.02667639556343
20,3,1.0,7,13,6,2,6,5,7,12,6,2,4,10,4.480154828927486,2.9714218189898163,4.94436940265647
20,4,3.0,15,17,8,2,8,7,15,17,8,2,4,9,4.551133316963151,3.3206286584530917,4.096606009205817
20,5,5.0,15,18,9,3,10,5,15,18,9,3,5,10,10.038551271142325,5.115112463640919,9.113365739980456
20,6,3.0,4,21,11,5,5,11,4,20,11,5,4,13,5.023774343951976,4.823713557436346,4.038924094535946
20,7,8.0,6,23,7,2,13,10,6,21,7,2,4,10,6.758901154202374,3.6077618011231927,6.088500729701618
20,8,4.0,4,7,6,1,2,3,5,7,6,1,3,6,4.805074908755799,4.841992431132799,5.713926578650166
20,9,1.0,12,12,9,7,14,8,12,12,9,7,4,7,10.678231661209006,7.061435864909546,10.958187988651018
20,10,9.0,15,23,9,3,10,8,15,23,9,3,4,11,6.418207625275624,4.180814863196223,6.284239600248256
20,11,3.0,10,27,11,2,5,6,10,27,11,2,4,12,5.438480835579918,3.7287478360149833,5.333026737324353
20,12,7.0,5,17,7,3,8,6,5,16,7,3,4,8,10.805014014977791,5.602600400587551,12.59408881443384
20,13,4.0,8,16,6,3,7,5,8,15,6,3,4,7,5.274054648612452,3.166079609618078,5.8578680761318775
21,1,2.0,10,12,6,2,7,6,10,12,6,2,4,7,3.756672660946588,2.490386297880487,4.3085419040065815
21,2,2.0,10,10,6,2,6,5,10,10,6,2,4,9,5.9426414761086415,3.740487592301232,6.360566220949463
21,3,2.0,7,13,6,2,6,5,7,12,6,2,4,10,3.040837425771665,2.6218678167929013,3.356619087106421
21,4,2.0,15,17,8,2,8,7,15,17,8,2,4,9,4.098596882541973,3.017141205710372,4.698205649911315
21,5,1.0,15,18,9,3,10,5,15,18,9,3,5,10,3.8281809655120256,2.5453744915320016,4.721364796404729
21,6,3.0,4,21,11,5,5,11,4,20,11,5,4,13,4.417896886483437,2.790485359948013,4.4613146927603005
21,7,5.0,6,23,7,2,13,10,6,21,7,2,4,10,4.114862842208943,2.9603308557458723,4.514919833217313
21,8,2.0,4,7,6,1,2,3,5,7,6,1,3,6,3.505355764730828,2.7857110722140126,4.497213239713822
21,9,2.0,12,12,9,7,14,8,12,12,9,7,4,7,3.705733341214029,2.9001497907689275,3.755888221922493
21,10,8.0,15,23,9,3,10,8,15,23,9,3,4,11,3.4521342601692573,2.631227948836945,3.962360524536687
21,11,4.0,10,27,11,2,5,6,10,27,11,2,4,12,6.078316113603206,3.6748192722461046,6.728405387722357
21,12,3.0,5,17,7,3,8,6,5,16,7,3,4,8,3.002339741918564,2.3538991810823706,2.5687013307025977
21,13,3.0,8,16,6,3,7,5,8,15,6,3,4,7,,,
